Bodunovko	Bodunovko|pipa7@sexpusik.info|Bubble Newbies|0|
Medicine_and_Health	Medicine and Health|rewaga@km.ru|Bubble Newbies|0|
Zettachka	Zettachka|zettachka@mail.ru|Bubble Newbies|0|
GORODradosti	GORODradosti|pont@buy-24h.net.ru|Bubble Newbies|0|
DOCTORWEBBSIG	DOCTORWEBBSIG|mika@buy-24h.net.ru|Bubble Newbies|0|
Citorerskuj	Citorerskuj|citorerskuj@mail.ru|Bubble Newbies|0|
fyfhrben	fyfhrben|fyfhrben@fyfhrben.com|Bubble Newbies|0|
Eustoss	Eustoss|scrudge@bigmir.net|Bubble Newbies|0|
Andersjne	Andersjne|xyevkin9@mail.ru|Bubble Newbies|0|
dooddemewmets	dooddemewmets|moher@amorki.pl|Bubble Newbies|1|
hahEnsuts	hahEnsuts|vipmovie@fromru.com|Bubble Newbies|0|
SusanSazzios	SusanSazzios|bigforums@hotpop.com|Bubble Newbies|0|
ImmetitsVef	ImmetitsVef|replica@mail.zp.ua|Bubble Newbies|1|
anwar	Anwar|anwar.mulani@gmail.com|Bubble Newbies|0|
Uytrott	Uytrott|uytrott@mail.ru|Bubble Newbies|0|
MitRikitin	MitRikitin|metrikitik@fromru.com|Bubble Newbies|1|
FaiseeFal	FaiseeFal|kasoterus@lugarus.com|Bubble Newbies|0|
Pruwlyachka	Pruwlyachka|pruwlyachka@mail.ru|Bubble Newbies|0|
sun	Sun|sundeep.techie@gmail.com|Administrator|1|
yeahoboy	yeahoboy|salviabump3@yahoo.com|Bubble Newbies|1|
KucherYulya	KucherYulya|kucheryulya@mail.ru|Bubble Newbies|0|
cvmnryrigj	cvmnryrigj|cvmnryrigj@cvmnryrigj.com|Bubble Newbies|1|
Nitachka	Nitachka|nitachka@inbox.ru|Bubble Newbies|0|
molialienna	molialienna|fioritrma@fromru.com|Bubble Newbies|1|
allaboutsexcomporno	allaboutsexcomporno|door555555@mail.ru|Bubble Newbies|0|
CinkankoM	CinkankoM|cinkankom@mail.ru|Bubble Newbies|0|
Dima_Bobin	Dima Bobin|qcqu8f@rambler.ru|Bubble Newbies|0|
Kolodlewskujj	Kolodlewskujj|pipa@diva59.com|Bubble Newbies|0|
WiwiPuf	WiwiPuf|vivikol@fromru.com|Bubble Newbies|1|
jdfsklJFLK	jdfsklJFLK|jdfskljflk@jdfskljflk.com|Bubble Newbies|0|
embeprise	embeprise|vikingvipcine@fromru.com|Bubble Newbies|1|
ABUZAonline	ABUZAonline|abuzaonline@mail.ru|Bubble Newbies|0|
Kjrukiles	Kjrukiles|pppdadad@fromru.com|Bubble Newbies|0|
OFFLEASE-RU	OFFLEASE-RU|usedit@mail.ru|Bubble Newbies|0|
reobpenny	reobpenny|anireenry@bk.ru|Bubble Newbies|1|
ninetyninfe	ninetyninfe|ninetyninfe@mail.ru|Bubble Newbies|0|
aby	aby|abhi4u82@gmail.com|Administrator|1|
TearIzUp	TearIzUp|robamplan@yahoo.com|Bubble Newbies|0|
aslkweio	aslkweio|aslkweio@msn.com|Bubble Newbies|0|
dandeyagna	dandeyagna|yagnanarayana_dande@symantec.com|Bubble Newbies|0|
vinca	vinca|razikh@gmail.com|Bubble Newbies|0|
Zalivaika	Zalivaika|rxnicse@bigmir.net|Bubble Newbies|0|
MizeIrraree	MizeIrraree|dxy8o8p@web-pharmacy-rx.info|Bubble Newbies|0|
tameem	tameem|tameemahmed.khan@gmail.com|Bubble Newbies|0|
akwiehfbcn	akwiehfbcn|akwiehfbcn@akwiehfbcn.com|Bubble Newbies|0|
softfloot	softfloot|addicteld@mail.ru|Bubble Newbies|0|
Verberspp	Verberspp|gsdfwerx@fromru.com|Bubble Newbies|0|
admin	Bubble Forum Admin|admin@bubble.co.in|Administrator|1|
alixsvetlasha	alixsvetlasha|ladiach_esmira@mail.ru|Bubble Newbies|0|
acicsLala	acicsLala|regervill@fromru.com|Bubble Newbies|1|
Huinmerkas	Huinmerkas|jonkduki@fromru.com|Bubble Newbies|0|
Nukierers	Nukierers|henrikend@fromru.com|Bubble Newbies|0|
MazaFilsd	MazaFilsd|nukerta@fromru.com|Bubble Newbies|1|
cash007	cash007|login@gawab.com|Bubble Newbies|0|
vishalbarde	vishalbarde|richie_techin@yahoo.co.in|Bubble Newbies|0|
doris23	doris23|michciopl@gmail.com|Bubble Newbies|0|
kuldeep	kuldeep|kuldeepadhikari@yahoo.com|Bubble Newbies|0|
Vasunjuk	Vasunjuk|vasunjjhjuk@bk.ru|Bubble Newbies|0|
razikh	razikh|razikh@bubble.co.in|Administrator|7|
shariffhu	shariffhu|shariff_gates@yahoo.co.in|Bubble Newbies|0|
Bobononoll	Bobononoll|bobononoll@phreaker.net|Bubble Newbies|0|
TheMafia	TheMafia|themafia80@mail.ru|Bubble Newbies|0|
gfkasjhfg	gfkasjhfg|gfkasjhfg@gfkasjhfg.com|Bubble Newbies|1|
DinoankoM	DinoankoM|dinoankom@mail.ru|Bubble Newbies|0|
bosjacovich	bosjacovich|zec@buy-24h.net.ru|Bubble Newbies|0|
Aditrsery	Aditrsery|driugaa@fromru.com|Bubble Newbies|0|
PuiRecv	PuiRecv|reguterio@fromru.com|Bubble Newbies|0|
GENNAWCHOT	GENNAWCHOT|cos@buy-24h.net.ru|Bubble Newbies|0|
adjlequofy	adjlequofy|adjlequofy@adjlequofy.com|Bubble Newbies|0|
danamuller	danamuller|danamuller@msn.com|Bubble Newbies|0|
sdssssssss	sdssssssss|sdssssssss@mail.ru|Bubble Newbies|0|
TrumKasnik	TrumKasnik|metrikas@fromru.com|Bubble Newbies|1|
MainDadyFirst	MainDadyFirst|support@askfreecoupon.info|Bubble Newbies|0|
SaankoM	SaankoM|saankom@mail.ru|Bubble Newbies|0|
Arbentusdc	Arbentusdc|ganstrcz@fromru.com|Bubble Newbies|1|
HelperMediavcal	HelperMediavcal|medicexp@7medi.com|Bubble Newbies|0|
alabbeneaks	alabbeneaks|jfsk3frdl@mailmasterpro.info|Bubble Newbies|0|
wasp	wasp|wasp2727@yahoo.co.in|Bubble Newbies|0|
buysoma77	buysoma77|sexywoman7@yahoo.com|Bubble Newbies|0|
arshi	arshi|rarshia@gmail.com|Bubble Newbies|0|
FreeLanddd	FreeLanddd|assell@bigmir.net|Bubble Newbies|0|
ghashvja	ghashvja|ghashvja@ghashvja.com|Bubble Newbies|1|
drgarybroad	drgarybroad|drgarybroad@yahoo.com|Bubble Newbies|0|
jdhfyrbndv	jdhfyrbndv|jdhfyrbndv@jdhfyrbndv.com|Bubble Newbies|0|
BritneyloverII	BritneyloverII|britneyloverii@mail.ru|Bubble Newbies|0|
anjudec28	anjudec28|anjulaponni@gmail.com|Bubble Newbies|0|
goororinbaf	goororinbaf|mur@buy-24h.net.ru|Bubble Newbies|0|
EmageldSleeva	EmageldSleeva|rulleyduerm@mail.ru|Bubble Newbies|0|
khushbu	khushbu|gkhushbu84@gmail.com|Bubble Newbies|1|
Fasterbivers	Fasterbivers|7medic@7medi.com|Bubble Newbies|0|
Shubhra	Shubhra|shubhra_nandi@symantec.com|Bubble Newbies|0|
sjsjsjsdd	sjsjsjsdd|sjsjsjsdd@msn.com|Bubble Newbies|0|
dugmentorweb	dugmentorweb|mozg@buy-24h.net.ru|Bubble Newbies|0|
dankshisa	dankshisa|appoipreato@bk.ru|Bubble Newbies|1|
Jasinrerskuj	Jasinrerskuj|jasinrerskuj@mail.ru|Bubble Newbies|0|
ArielVideoEX	ArielVideoEX|farina@refinancce.biz|Bubble Newbies|0|
destere	destere|terrri_11@mail.ru|Bubble Newbies|0|
nukrewersl	nukrewersl|nukrewers@fromru.com|Bubble Newbies|1|
MaisonKA	MaisonKA|maisonja@mail.ru|Bubble Newbies|0|
valacyclovir	valacyclovir|ilya_sitkov@mail.ru|Bubble Newbies|0|
HerVerifer	HerVerifer|axertubes@fromru.com|Bubble Newbies|1|
test11	test11|santosh83@gmail.com|Bubble Newbies|0|
Oprtrtrtr	Oprtrtrtr|oprtrtrtr@mail.ru|Bubble Newbies|0|
affdatingman	affdatingman|affdating1info@mail.ru|Bubble Newbies|0|
MultyNuty	MultyNuty|mumltrytu@bigmir.net|Bubble Newbies|1|
BlackRose	BlackRose|more1234@bigmir.net|Bubble Newbies|0|
Faisal	Faisal|faisalgroup@indiatimes.com|Bubble Newbies|0|
amcurkdmcv	amcurkdmcv|amcurkdmcv@amcurkdmcv.com|Bubble Newbies|0|
heaggendy	heaggendy|wenruptweft@mail.ru|Bubble Newbies|0|
WhiteLedi	WhiteLedi|jessica1991@gawab.com|Bubble Newbies|0|
ram_ranu11	ram_ranu11|ram_renu11@rediffmail.com|Bubble Newbies|0|
UjkehewchenkoM	UjkehewchenkoM|kjyuertyhrtm@mail.ru|Bubble Newbies|0|
rajiv_nayak	rajiv_nayak|rajiv_nayak@symantec.com|Bubble Newbies|0|
akshdeinvk	akshdeinvk|akshdeinvk@akshdeinvk.com|Bubble Newbies|0|
KatieSventy	KatieSventy|newlz@quest-source.com|Bubble Newbies|0|
Fasetmcmvf	Fasetmcmvf|bobrider@diet-us.info|Bubble Newbies|0|
PrathimaReddyD	PrathimaReddyD|prathimareddyd@gmail.com|Bubble Newbies|0|
VirgoManifast	VirgoManifast|virgomanifast@mail.ru|Bubble Newbies|0|
PokemHunb	PokemHunb|tunetop@fromru.com|Bubble Newbies|0|
sadronsongh	sadronsongh|asdwerty83@mail.ru|Bubble Newbies|0|
Borusovg	Borusovg|borusovg@mail.ru|Bubble Newbies|0|
alalalalal	alalalalal|alalalalal@msn.com|Bubble Newbies|0|
nfgsdjadf	nfgsdjadf|nfgsdjadf@msn.com|Bubble Newbies|0|
BingoManifast	BingoManifast|bingomanifast@mail.ru|Bubble Newbies|0|
asjkedhufh	asjkedhufh|asjkedhufh@asjkedhufh.com|Bubble Newbies|1|
DanyXaserom	DanyXaserom|danis@casinoi.biz|Bubble Newbies|0|
hdmxyruejd	hdmxyruejd|hdmxyruejd@hdmxyruejd.com|Bubble Newbies|0|
HunkiHuk	HunkiHuk|regertuns@fromru.com|Bubble Newbies|1|
Clortumisss	Clortumisss|clortumisss@gmail.com|Bubble Newbies|0|
srivastava.ekta	ekta|srivastava.ekta@gmail.com|Bubble Newbies|0|
vwcenter	vwcenter|licicac@bigmir.net|Bubble Newbies|0|
camscomweb	camscomweb|camscom1@mail.ru|Bubble Newbies|0|
danybrown	danybrown|danybrown@gawab.com|Bubble Newbies|0|
MarlboroCig	MarlboroCig|cindylavender@sevastopol.in|Bubble Newbies|0|
kedardonthi	Kdar|kedardonthi@gmail.com|Bubble Newbies|0|
punterixh	punterixh|qwerves@fromru.com|Bubble Newbies|0|
OEIISJJEsjjz	OEIISJJEsjjz|lesbiansexpics@hotpop.com|Bubble Newbies|0|
garillasnet	garillasnet|job@buy-24h.net.ru|Bubble Newbies|0|
tearnepraigma	tearnepraigma|timberland@mail15.com|Bubble Newbies|1|
GofFloowGuM	GofFloowGuM|k3à3frdl@mailmasterpro.info|Bubble Newbies|0|
GreenGuuyh	GreenGuuyh|mistercvb@fromru.com|Bubble Newbies|1|
fjasdldhf	fjasdldhf|fjasdldhf@fjasdldhf.com|Bubble Newbies|0|
Pralpaluato	Pralpaluato|tutuipoa@fromru.com|Bubble Newbies|1|
ajdsnkalhga	ajdsnkalhga|ajdsnkalhga@msn.com|Bubble Newbies|0|
DrWebET	DrWebET|sviolett@gmail.com|Bubble Newbies|0|
Cartierge	Cartierge|k3à3fg9dl@mailmasterpro.info|Bubble Newbies|0|
reduntex	reduntex|thatkid@kzro.net|Bubble Newbies|0|
FenoIuRetuv	FenoIuRetuv|miuterson@fromru.com|Bubble Newbies|1|
dikjufvmbn	dikjufvmbn|dikjufvmbn@dikjufvmbn.com|Bubble Newbies|0|
gandonofil	gandonofil|bin@buy-24h.net.ru|Bubble Newbies|0|
ranoutrom	ranoutrom|boc@buy-24h.net.ru|Bubble Newbies|0|
TrikerIopyr	TrikerIopyr|frotyuotube@fromru.com|Bubble Newbies|0|
ffffffffffffffffffffff	ffffffffffffffffffffff|ggggggggggggg-82@mail.ru|Bubble Newbies|0|
vafforinnor	vafforinnor|con@buy-24h.net.ru|Bubble Newbies|0|
Firmanrskuj	Firmanrskuj|firmanrskuj@mail.ru|Bubble Newbies|0|
ArinaLionS	ArinaLionS|afitab@vip-us.info|Bubble Newbies|0|
sundeep.techie	Sundeep|sundeep.techie@yahoo.co.in|Bubble Newbies|5|
Krumcers	Krumcers|regtrufer@fromru.com|Bubble Newbies|1|
Yandomm	Yandomm|ydms2007@bigmir.net|Bubble Newbies|0|
